Timestamp,IP Address,User Agent,HTTP Status,Bytes Sent
2023-08-11 17:48:25.348734,192.168.165.48,UserAgent-5288,404,4447
2023-09-15 03:49:34.348734,192.168.156.225,UserAgent-6865,404,4975
2023-04-06 19:26:37.348734,192.168.137.242,UserAgent-8620,404,9168
2023-10-26 16:08:19.348734,192.168.116.143,UserAgent-8896,200,3665
2024-01-27 08:56:08.348734,192.168.233.122,UserAgent-9211,200,6421
2023-08-23 17:32:56.348734,192.168.164.33,UserAgent-7927,200,9650
2023-05-22 15:25:44.348734,192.168.28.3,UserAgent-4801,500,1154
2023-09-11 21:38:44.348734,192.168.18.244,UserAgent-3672,404,4897
2023-10-11 07:21:07.348734,192.168.208.203,UserAgent-6127,200,8765
2023-05-08 05:54:30.348734,192.168.74.120,UserAgent-2420,500,3170
2023-10-01 22:27:21.348734,192.168.41.160,UserAgent-3817,500,5848
2023-11-03 21:05:22.348734,192.168.204.230,UserAgent-7966,200,2923
2023-02-24 10:28:17.348734,192.168.230.228,UserAgent-9619,200,795
2023-03-28 17:52:51.348734,192.168.183.157,UserAgent-7026,200,5327
2023-11-26 09:12:16.348734,192.168.133.160,UserAgent-6275,404,1939
2023-04-29 21:47:11.348734,192.168.195.130,UserAgent-3093,200,9079
2023-11-27 23:50:35.348734,192.168.64.121,UserAgent-6632,200,1181
2024-01-31 13:01:22.348734,192.168.75.194,UserAgent-9322,500,7055
2023-04-11 10:51:20.348734,192.168.13.211,UserAgent-6272,200,172
2023-12-22 18:48:57.348734,192.168.179.141,UserAgent-8420,404,6236
2023-10-15 22:27:13.348734,192.168.85.253,UserAgent-4589,500,1141
2023-09-25 16:56:48.348734,192.168.97.92,UserAgent-1972,404,2193
2023-08-09 23:49:17.348734,192.168.37.103,UserAgent-7412,200,4698
2023-11-16 10:23:31.348734,192.168.39.78,UserAgent-8301,500,9363
2024-02-17 14:29:59.348734,192.168.69.96,UserAgent-3348,404,7445
2023-03-25 10:32:11.348734,192.168.134.225,UserAgent-8828,200,7633
2023-02-24 14:42:24.348734,192.168.29.163,UserAgent-3611,200,7191
2023-04-25 19:00:28.348734,192.168.19.146,UserAgent-2168,200,9267
2023-03-25 17:40:08.348734,192.168.89.215,UserAgent-9637,404,2583
2023-04-26 21:27:51.348734,192.168.251.188,UserAgent-1541,500,3506
2023-08-15 14:37:53.348734,192.168.230.56,UserAgent-7180,404,6343
2023-12-23 23:55:51.348734,192.168.120.244,UserAgent-8449,404,4076
2024-01-16 00:51:58.348734,192.168.207.76,UserAgent-4822,500,9706
2023-05-09 23:01:51.348734,192.168.32.102,UserAgent-4988,500,3942
2023-05-24 06:32:52.348734,192.168.163.225,UserAgent-7368,404,710
2023-05-17 08:19:21.348734,192.168.153.56,UserAgent-7557,500,3257
2023-12-29 15:42:04.348734,192.168.7.102,UserAgent-2564,200,881
2023-12-03 16:59:03.348734,192.168.75.86,UserAgent-4344,500,7817
2023-12-15 21:22:33.348734,192.168.157.89,UserAgent-7026,500,8646
2023-04-28 21:13:55.348734,192.168.68.202,UserAgent-8577,500,2766
2023-10-21 05:49:48.348734,192.168.68.194,UserAgent-5107,500,3883
2023-11-22 06:37:39.348734,192.168.155.107,UserAgent-6872,200,1047
2023-12-18 02:44:53.348734,192.168.18.115,UserAgent-3443,200,5125
2023-04-21 22:39:14.348734,192.168.227.98,UserAgent-9448,500,7732
2024-02-09 19:57:05.348734,192.168.246.232,UserAgent-8849,404,4499
2023-04-13 08:02:33.348734,192.168.59.126,UserAgent-4514,500,5967
2023-06-07 06:43:06.348734,192.168.105.96,UserAgent-4903,404,1206
2023-10-17 07:52:56.348734,192.168.33.114,UserAgent-8870,500,4469
2023-06-01 12:46:57.348734,192.168.16.193,UserAgent-5707,500,9336
2023-09-18 23:23:30.348734,192.168.5.58,UserAgent-8568,200,3640
2024-01-11 00:58:05.348734,192.168.149.57,UserAgent-9001,404,3213
2023-09-04 16:22:10.348734,192.168.198.157,UserAgent-3473,404,2155
2023-06-28 02:41:03.348734,192.168.55.103,UserAgent-6720,404,4283
2023-03-09 19:39:26.348734,192.168.61.151,UserAgent-1692,500,9280
2023-06-26 06:38:36.348734,192.168.193.64,UserAgent-9608,404,9047
2023-11-26 16:24:01.348734,192.168.46.195,UserAgent-1540,500,8169
2023-06-09 07:39:19.348734,192.168.125.147,UserAgent-3113,500,2802
2023-08-18 22:15:40.348734,192.168.108.17,UserAgent-2934,200,9251
2023-06-20 16:07:49.348734,192.168.234.228,UserAgent-3295,200,5176
2023-04-10 17:50:01.348734,192.168.1.22,UserAgent-9729,404,8574
2023-05-11 14:27:29.348734,192.168.198.96,UserAgent-7920,200,1776
2023-12-15 19:56:14.348734,192.168.28.103,UserAgent-7709,404,6037
2023-08-08 05:53:20.348734,192.168.57.170,UserAgent-7686,404,9572
2023-08-10 13:07:19.348734,192.168.240.101,UserAgent-4370,500,5556
2024-01-18 01:09:47.348734,192.168.203.54,UserAgent-6920,500,1219
2023-12-16 09:14:55.348734,192.168.100.172,UserAgent-5038,404,1795
2023-07-22 02:53:44.348734,192.168.202.206,UserAgent-6025,200,5357
2024-01-28 03:29:21.348734,192.168.149.111,UserAgent-1142,500,1936
2023-02-26 12:31:57.348734,192.168.76.213,UserAgent-1832,200,4475
2024-01-22 04:30:17.348734,192.168.113.216,UserAgent-9926,404,6168
2023-08-09 18:06:18.348734,192.168.183.164,UserAgent-5654,200,5830
2023-12-05 17:57:03.348734,192.168.185.218,UserAgent-5116,200,2513
2023-10-26 12:19:11.348734,192.168.86.162,UserAgent-3964,500,2508
2023-05-02 04:08:20.348734,192.168.252.146,UserAgent-6072,500,6135
2023-07-23 23:26:45.348734,192.168.106.159,UserAgent-1112,404,2514
2024-01-16 11:08:18.348734,192.168.125.90,UserAgent-9472,500,7754
2023-11-19 20:11:17.348734,192.168.153.19,UserAgent-9693,500,8443
2023-10-07 00:09:07.348734,192.168.187.202,UserAgent-2022,200,350
2024-01-18 10:19:39.348734,192.168.183.191,UserAgent-2052,200,1081
2023-04-23 02:55:41.348734,192.168.213.205,UserAgent-8742,404,1993
2023-10-28 19:07:14.348734,192.168.237.253,UserAgent-8741,500,2391
2023-11-03 11:41:29.348734,192.168.3.199,UserAgent-2739,500,8025
2023-08-24 08:50:47.348734,192.168.225.191,UserAgent-6485,404,801
2024-01-20 18:52:02.348734,192.168.43.186,UserAgent-2799,404,5471
2024-02-19 16:51:38.348734,192.168.98.35,UserAgent-3172,404,7205
2023-08-02 01:59:44.348734,192.168.69.37,UserAgent-1539,500,1265
2024-01-08 11:17:49.348734,192.168.14.198,UserAgent-5142,200,7650
2023-05-09 17:39:55.348734,192.168.134.103,UserAgent-1982,404,4256
2023-09-24 19:34:11.348734,192.168.136.136,UserAgent-7671,404,9713
2023-04-15 03:51:17.348734,192.168.169.57,UserAgent-4068,404,6983
2023-03-28 03:59:15.348734,192.168.157.223,UserAgent-9819,200,3025
2023-09-16 15:50:40.348734,192.168.10.223,UserAgent-4299,200,2312
2023-05-17 17:50:46.348734,192.168.168.168,UserAgent-5834,200,9707
2023-09-17 06:17:12.348734,192.168.222.220,UserAgent-5279,404,2008
2023-10-29 21:20:42.348734,192.168.168.142,UserAgent-4634,404,5363
2023-04-05 18:19:25.348734,192.168.88.142,UserAgent-7123,404,7522
2023-08-23 23:52:10.348734,192.168.188.89,UserAgent-6776,200,9588
2023-09-10 08:42:36.348734,192.168.170.183,UserAgent-3865,500,5377
2023-12-14 18:51:31.348734,192.168.135.192,UserAgent-8188,200,9769
2023-04-26 23:28:05.348734,192.168.202.140,UserAgent-2737,404,5033
2024-01-06 12:23:16.348734,192.168.239.213,UserAgent-2348,500,2903
2023-11-17 11:34:49.348734,192.168.206.100,UserAgent-2130,404,4221
2023-12-11 19:49:27.348734,192.168.133.146,UserAgent-3434,200,2638
2024-01-16 22:34:17.348734,192.168.248.198,UserAgent-4663,200,4640
2023-08-12 06:50:10.348734,192.168.184.207,UserAgent-9355,500,8151
2023-08-21 04:28:53.348734,192.168.157.77,UserAgent-8514,200,7694
2023-10-19 09:10:13.348734,192.168.74.191,UserAgent-5729,500,1093
2023-07-23 12:16:52.348734,192.168.161.37,UserAgent-8825,500,567
2023-05-08 11:09:44.348734,192.168.27.28,UserAgent-2104,404,429
2023-09-24 05:28:15.348734,192.168.253.119,UserAgent-8252,500,8681
2023-06-14 17:00:03.348734,192.168.149.125,UserAgent-4841,404,1556
2023-08-23 01:18:00.348734,192.168.33.154,UserAgent-1390,500,5741
2023-08-27 22:05:42.348734,192.168.134.13,UserAgent-2095,404,316
2024-01-13 19:16:25.348734,192.168.147.79,UserAgent-3496,404,1684
2023-03-31 22:25:37.348734,192.168.22.71,UserAgent-5680,500,1565
2023-12-25 06:46:42.348734,192.168.225.139,UserAgent-6945,500,8795
2023-05-27 01:52:04.348734,192.168.101.88,UserAgent-3331,404,9570
2023-12-10 21:41:10.348734,192.168.90.8,UserAgent-9149,404,816
2023-03-23 08:52:24.348734,192.168.157.93,UserAgent-3399,200,8823
2023-05-28 14:11:35.348734,192.168.26.104,UserAgent-6570,404,5707
2023-11-13 15:55:36.348734,192.168.89.181,UserAgent-6714,404,8988
2023-03-22 13:58:48.348734,192.168.112.62,UserAgent-6860,404,3364
2023-08-10 06:26:20.348734,192.168.120.104,UserAgent-6603,200,5760
2023-04-06 22:06:04.348734,192.168.7.177,UserAgent-3052,404,3504
2023-11-28 01:40:19.348734,192.168.109.6,UserAgent-6970,500,8130
2024-01-26 19:49:54.348734,192.168.136.139,UserAgent-9094,500,2276
2023-06-09 05:58:11.348734,192.168.171.211,UserAgent-8534,404,5937
2023-07-13 00:59:10.348734,192.168.144.201,UserAgent-5176,200,4191
2023-09-29 21:07:07.348734,192.168.67.214,UserAgent-4436,500,6770
2023-10-14 00:57:52.348734,192.168.180.228,UserAgent-4176,404,8611
2023-10-19 00:54:38.348734,192.168.206.168,UserAgent-7587,404,3087
2023-12-12 06:17:58.348734,192.168.106.95,UserAgent-4407,500,675
2023-07-04 01:40:40.348734,192.168.18.47,UserAgent-3199,500,9141
2023-04-09 08:56:48.348734,192.168.1.202,UserAgent-6709,200,4797
2023-12-19 07:52:39.348734,192.168.187.63,UserAgent-2612,200,9622
2024-01-28 05:04:13.348734,192.168.227.249,UserAgent-3014,200,6322
2024-01-30 14:05:48.348734,192.168.210.135,UserAgent-7030,404,8966
2023-02-27 02:42:54.348734,192.168.94.65,UserAgent-3706,200,5221
2024-01-07 06:23:48.348734,192.168.184.155,UserAgent-1745,500,8699
2023-11-20 01:05:08.348734,192.168.247.103,UserAgent-3190,404,4071
2024-02-01 13:18:55.348734,192.168.234.215,UserAgent-8331,500,242
2023-08-18 06:24:24.348734,192.168.236.240,UserAgent-2128,200,6884
2024-01-09 23:03:51.348734,192.168.91.250,UserAgent-3174,200,4259
2024-02-17 04:26:33.348734,192.168.150.94,UserAgent-3103,404,1062
2023-03-06 03:37:54.348734,192.168.11.1,UserAgent-5587,500,5413
2023-04-15 05:44:41.348734,192.168.103.120,UserAgent-7633,404,2306
2023-04-05 13:50:50.348734,192.168.170.159,UserAgent-8744,500,6340
2023-05-29 07:29:30.348734,192.168.215.14,UserAgent-4180,200,5529
2023-05-20 04:23:55.348734,192.168.28.21,UserAgent-2150,500,9944
2024-02-04 20:06:13.348734,192.168.207.119,UserAgent-6034,404,4288
2023-08-08 21:37:50.348734,192.168.152.253,UserAgent-6008,404,5656
2023-08-28 20:04:36.348734,192.168.143.123,UserAgent-3915,404,1050
2023-10-15 23:34:15.348734,192.168.156.160,UserAgent-6211,500,7697
2023-07-23 01:26:31.348734,192.168.136.16,UserAgent-1700,404,3135
2023-08-14 06:50:36.348734,192.168.167.223,UserAgent-7060,404,8444
2023-09-04 19:01:00.348734,192.168.249.169,UserAgent-9484,404,3179
2023-10-22 21:07:09.348734,192.168.32.103,UserAgent-2055,500,894
2023-05-21 07:37:57.348734,192.168.157.28,UserAgent-8702,500,2090
2023-07-19 07:44:44.348734,192.168.77.27,UserAgent-2331,200,3403
2024-01-01 21:01:24.348734,192.168.95.61,UserAgent-4741,200,8883
2023-10-31 02:25:40.348734,192.168.63.182,UserAgent-3077,404,6064
2023-03-08 05:24:10.348734,192.168.102.29,UserAgent-9904,404,437
2023-12-26 22:08:22.348734,192.168.209.33,UserAgent-4751,500,3195
2024-02-08 20:09:11.348734,192.168.125.148,UserAgent-4505,200,4643
2024-01-29 02:52:27.348734,192.168.103.122,UserAgent-1234,500,3952
2023-08-09 10:59:05.348734,192.168.24.219,UserAgent-1495,404,2105
2023-05-06 22:31:49.348734,192.168.8.85,UserAgent-4356,200,8393
2023-07-25 19:48:28.348734,192.168.4.1,UserAgent-1496,404,203
2023-03-26 02:05:26.348734,192.168.103.34,UserAgent-8956,200,7735
2023-10-06 09:59:27.348734,192.168.22.196,UserAgent-4690,500,7830
2023-03-13 11:00:28.348734,192.168.252.237,UserAgent-8843,500,8307
2023-09-24 20:24:57.348734,192.168.109.113,UserAgent-8502,500,8327
2023-07-14 14:14:37.348734,192.168.89.176,UserAgent-8370,404,8323
2023-04-28 22:22:38.348734,192.168.189.23,UserAgent-9889,200,5112
2024-01-31 08:40:59.348734,192.168.174.188,UserAgent-7155,200,3635
2024-02-24 09:48:24.348734,192.168.227.223,UserAgent-8353,200,1945
2023-07-17 20:51:51.348734,192.168.84.153,UserAgent-9928,500,4189
2024-01-25 04:20:44.348734,192.168.75.212,UserAgent-5145,200,5266
2023-03-20 02:41:49.348734,192.168.166.223,UserAgent-7278,404,645
2024-02-04 22:47:39.348734,192.168.169.175,UserAgent-1194,404,2234
2023-05-28 16:46:28.348734,192.168.7.92,UserAgent-9512,200,7995
2024-01-13 06:24:10.348734,192.168.214.234,UserAgent-1675,404,4695
2023-09-27 10:08:35.348734,192.168.220.234,UserAgent-2228,200,2747
2023-12-11 11:31:06.348734,192.168.82.172,UserAgent-8403,500,9709
2023-08-16 19:36:03.348734,192.168.228.151,UserAgent-2908,500,2656
2024-02-16 07:01:17.348734,192.168.248.79,UserAgent-9793,200,6124
2023-08-11 15:33:20.348734,192.168.197.25,UserAgent-4101,200,9473
2023-04-16 23:56:03.348734,192.168.94.180,UserAgent-3702,404,2357
2023-12-14 01:30:57.348734,192.168.72.27,UserAgent-8215,200,9842
2023-10-14 22:53:53.348734,192.168.211.226,UserAgent-8652,200,9613
2023-08-08 08:39:20.348734,192.168.58.30,UserAgent-8444,200,1158
2023-04-21 09:02:59.348734,192.168.37.84,UserAgent-1313,200,1710
2023-02-24 19:57:40.348734,192.168.46.90,UserAgent-4167,500,2072
2023-07-15 00:12:03.348734,192.168.194.73,UserAgent-5627,404,4269
2024-01-31 13:09:31.348734,192.168.68.117,UserAgent-1959,200,2612
2023-05-01 22:22:58.348734,192.168.175.72,UserAgent-1049,404,7971
2023-11-22 06:36:06.348734,192.168.70.71,UserAgent-7942,404,3362
2023-05-21 19:00:59.348734,192.168.61.7,UserAgent-1704,500,117
2023-11-01 16:56:30.348734,192.168.155.181,UserAgent-3770,404,6884
2023-05-16 07:07:45.348734,192.168.219.144,UserAgent-3207,404,8880
2023-09-26 02:53:01.348734,192.168.147.148,UserAgent-1802,404,2971
2023-12-22 14:22:39.348734,192.168.11.144,UserAgent-1506,200,8620
2023-06-02 12:43:22.348734,192.168.165.187,UserAgent-3810,404,7932
2023-04-04 15:43:02.348734,192.168.17.196,UserAgent-8831,200,8661
2023-07-13 03:50:28.348734,192.168.146.157,UserAgent-2612,404,9175
2023-07-13 19:21:24.348734,192.168.149.36,UserAgent-4786,200,251
2023-04-06 05:42:58.348734,192.168.7.223,UserAgent-1766,404,9645
2023-06-30 09:16:14.348734,192.168.238.246,UserAgent-7177,200,4414
2024-02-08 23:29:49.348734,192.168.61.162,UserAgent-8392,404,9056
2023-09-20 17:19:59.348734,192.168.53.104,UserAgent-4599,404,7261
2023-11-11 12:09:11.348734,192.168.124.182,UserAgent-6182,500,1653
2023-11-05 18:46:04.348734,192.168.216.30,UserAgent-1468,200,1004
2023-12-25 06:01:13.348734,192.168.128.100,UserAgent-3085,200,1626
2023-08-15 00:15:19.348734,192.168.175.34,UserAgent-9611,404,4740
2023-07-27 05:51:27.348734,192.168.116.33,UserAgent-9336,500,3058
2023-03-31 09:59:13.348734,192.168.192.228,UserAgent-5461,404,3896
2023-12-23 16:57:56.348734,192.168.103.188,UserAgent-3252,500,3156
2023-10-12 06:45:32.348734,192.168.225.70,UserAgent-1047,500,471
2023-05-30 22:00:39.348734,192.168.137.115,UserAgent-7005,500,3103
2023-04-09 02:11:55.348734,192.168.76.191,UserAgent-9167,200,3738
2024-01-13 19:20:16.348734,192.168.36.197,UserAgent-6562,500,8691
2023-04-23 17:05:14.348734,192.168.203.48,UserAgent-9444,404,4105
2024-01-23 17:35:11.348734,192.168.104.32,UserAgent-7552,500,1900
2024-01-09 12:55:27.348734,192.168.38.2,UserAgent-4174,200,4079
2023-07-07 04:20:21.348734,192.168.101.70,UserAgent-6146,200,2973
2023-10-30 10:10:57.348734,192.168.9.174,UserAgent-7839,404,6101
2024-01-11 08:16:53.348734,192.168.76.105,UserAgent-8754,404,1973
2023-09-26 20:13:16.348734,192.168.253.27,UserAgent-7221,404,1118
2023-12-17 00:18:36.348734,192.168.44.118,UserAgent-7341,404,7331
2023-11-06 15:31:30.348734,192.168.222.199,UserAgent-9211,404,9866
2024-01-29 02:02:29.348734,192.168.2.182,UserAgent-4527,500,9987
2023-11-18 15:46:57.348734,192.168.38.199,UserAgent-5706,200,5578
2023-10-17 11:49:03.348734,192.168.7.166,UserAgent-9114,200,1703
2024-02-15 14:10:41.348734,192.168.241.9,UserAgent-1431,200,1930
2023-09-18 03:03:19.348734,192.168.66.151,UserAgent-3529,404,8023
2023-04-10 03:49:29.348734,192.168.132.45,UserAgent-6276,500,4997
2023-05-10 18:41:24.348734,192.168.182.238,UserAgent-3424,500,4761
2023-06-07 03:55:22.348734,192.168.168.205,UserAgent-5066,404,2672
2023-06-30 11:00:25.348734,192.168.45.188,UserAgent-3163,200,875
2024-02-16 17:03:43.348734,192.168.24.103,UserAgent-9673,404,4930
2023-08-13 10:48:13.348734,192.168.221.120,UserAgent-6783,500,9962
2023-11-17 15:43:20.348734,192.168.28.96,UserAgent-5099,500,9326
2023-08-01 14:55:33.348734,192.168.202.180,UserAgent-4245,500,2296
2023-11-23 14:15:37.348734,192.168.137.71,UserAgent-6755,404,7477
2024-02-15 00:25:04.348734,192.168.63.114,UserAgent-3492,500,2694
2023-06-23 00:18:40.348734,192.168.194.67,UserAgent-4217,200,7788
2023-10-05 21:34:08.348734,192.168.181.204,UserAgent-3944,404,5564
2023-05-28 10:43:59.348734,192.168.42.1,UserAgent-6084,500,8125
2024-01-12 06:52:56.348734,192.168.83.204,UserAgent-8183,200,8549
2023-07-27 23:50:48.348734,192.168.238.181,UserAgent-9319,200,1919
2024-01-24 11:01:33.348734,192.168.55.18,UserAgent-1132,200,6128
2023-08-05 22:10:27.348734,192.168.216.152,UserAgent-8855,500,3710
2023-09-04 14:22:13.348734,192.168.251.56,UserAgent-4081,200,1851
2024-01-31 22:59:12.348734,192.168.125.54,UserAgent-9366,500,6615
2023-03-27 10:42:40.348734,192.168.141.251,UserAgent-3511,500,6718
2023-10-25 14:24:03.348734,192.168.31.242,UserAgent-8016,500,5312
2023-03-30 16:50:48.348734,192.168.161.14,UserAgent-6352,200,3600
2023-05-29 09:24:16.348734,192.168.76.174,UserAgent-3922,404,4275
2023-11-10 00:44:40.348734,192.168.181.17,UserAgent-7552,500,6399
2023-08-24 20:35:00.348734,192.168.133.148,UserAgent-5024,200,4319
2023-05-06 16:24:58.348734,192.168.193.253,UserAgent-9829,200,9262
2023-05-29 09:41:18.348734,192.168.247.141,UserAgent-8226,404,7901
2023-08-06 05:47:27.348734,192.168.102.71,UserAgent-3536,404,4381
2023-11-24 18:03:11.348734,192.168.18.41,UserAgent-4304,200,5147
2023-12-14 13:23:07.348734,192.168.178.76,UserAgent-2463,200,3111
2023-09-26 22:07:40.348734,192.168.6.140,UserAgent-2340,404,5821
2023-04-27 00:58:48.348734,192.168.6.121,UserAgent-4664,404,7848
2023-04-30 02:08:49.348734,192.168.19.81,UserAgent-5711,500,4403
2024-02-19 03:54:55.348734,192.168.230.238,UserAgent-3260,404,7930
2023-11-30 16:09:05.348734,192.168.197.157,UserAgent-9270,200,5558
2023-03-31 16:52:30.348734,192.168.73.188,UserAgent-5964,500,2998
2024-01-22 01:50:34.348734,192.168.70.56,UserAgent-9229,500,8867
2023-12-20 06:21:58.348734,192.168.204.40,UserAgent-4602,200,3926
2023-07-13 05:25:49.348734,192.168.176.26,UserAgent-3305,404,9225
2023-10-17 06:15:24.348734,192.168.111.255,UserAgent-8491,404,3721
2023-02-28 18:29:08.348734,192.168.201.229,UserAgent-1859,200,2533
2023-08-13 03:06:31.348734,192.168.78.87,UserAgent-7045,200,7491
2023-10-24 19:40:27.348734,192.168.241.137,UserAgent-6998,200,3495
2023-08-12 12:16:09.348734,192.168.183.78,UserAgent-6551,404,7560
2023-08-17 07:21:40.348734,192.168.36.123,UserAgent-5783,500,7292
2023-04-19 20:39:12.348734,192.168.243.138,UserAgent-6456,404,3862
2023-03-25 05:24:02.348734,192.168.185.2,UserAgent-5338,500,6273
2023-04-12 06:52:43.348734,192.168.91.227,UserAgent-9936,200,6018
2023-12-16 09:56:57.348734,192.168.56.249,UserAgent-8043,200,6714
2023-12-03 06:08:19.348734,192.168.28.78,UserAgent-7203,404,5314
2023-08-31 19:38:38.348734,192.168.19.7,UserAgent-4612,404,6893
2023-09-19 12:46:30.348734,192.168.233.65,UserAgent-7078,404,7776
2023-11-24 00:48:00.348734,192.168.143.85,UserAgent-3105,500,908
2023-07-25 04:36:24.348734,192.168.243.63,UserAgent-5787,200,1835
2023-07-06 11:27:49.348734,192.168.102.194,UserAgent-7957,500,7163
2023-11-18 21:56:36.348734,192.168.63.164,UserAgent-6451,404,9098
2023-07-06 08:01:22.348734,192.168.232.2,UserAgent-7824,500,6419
2023-08-15 14:53:14.348734,192.168.49.150,UserAgent-1520,500,6973
2023-10-04 07:49:14.348734,192.168.171.185,UserAgent-7333,200,8106
2023-07-17 17:46:16.348734,192.168.94.32,UserAgent-7536,404,7876
2023-04-27 11:22:48.348734,192.168.17.213,UserAgent-6488,200,9304
2023-09-23 18:01:30.348734,192.168.233.121,UserAgent-6841,200,9411
2023-06-10 06:47:38.348734,192.168.6.234,UserAgent-4471,500,3946
2023-07-22 01:34:20.348734,192.168.39.38,UserAgent-4284,200,1345
2024-01-10 18:49:35.348734,192.168.227.38,UserAgent-1188,500,2118
2023-10-25 05:42:22.348734,192.168.70.154,UserAgent-8989,404,4386
2023-08-28 09:05:51.348734,192.168.174.31,UserAgent-6658,200,2843
2023-08-28 13:32:45.348734,192.168.110.153,UserAgent-7935,200,1891
2023-05-07 09:46:04.348734,192.168.206.127,UserAgent-3191,500,9459
2023-06-07 02:09:36.348734,192.168.172.155,UserAgent-5842,500,7900
2023-07-31 02:38:55.348734,192.168.197.39,UserAgent-6637,200,1607
2023-11-08 04:51:43.348734,192.168.96.227,UserAgent-7241,200,6838
2023-11-09 12:52:18.348734,192.168.86.139,UserAgent-1006,404,4732
2024-02-17 01:31:49.348734,192.168.22.92,UserAgent-1462,404,1184
2023-07-15 21:01:05.348734,192.168.191.68,UserAgent-2361,404,2551
2023-03-30 04:39:26.348734,192.168.9.41,UserAgent-7225,404,3349
2023-06-10 19:22:57.348734,192.168.111.120,UserAgent-4070,404,8514
2024-02-24 22:56:17.348734,192.168.214.139,UserAgent-3001,404,2242
2023-10-24 10:00:14.348734,192.168.216.146,UserAgent-9251,404,6564
2023-06-14 21:59:59.348734,192.168.244.158,UserAgent-1012,200,4756
2023-09-03 01:50:23.348734,192.168.206.174,UserAgent-6773,500,7786
2023-07-11 22:01:24.348734,192.168.69.24,UserAgent-7852,500,7538
2023-12-28 01:29:12.348734,192.168.224.128,UserAgent-4011,500,1754
2024-01-10 01:13:19.348734,192.168.86.184,UserAgent-6317,404,6383
2023-07-05 04:28:31.348734,192.168.207.162,UserAgent-7109,404,5798
2023-05-15 18:41:58.348734,192.168.208.98,UserAgent-9447,500,946
2023-10-25 02:58:19.348734,192.168.69.74,UserAgent-4147,404,1382
2023-07-06 13:43:20.348734,192.168.230.213,UserAgent-8529,404,7825
2023-08-30 13:06:47.348734,192.168.71.244,UserAgent-2538,404,6269
2023-06-20 23:50:51.348734,192.168.8.202,UserAgent-8384,200,3695
2023-10-09 07:47:02.348734,192.168.34.159,UserAgent-8785,200,3265
2023-03-25 10:05:07.348734,192.168.41.7,UserAgent-9057,200,925
2024-02-06 01:10:08.348734,192.168.49.118,UserAgent-5740,200,1314
2023-11-13 08:30:33.348734,192.168.44.245,UserAgent-6913,404,2084
2023-09-25 15:38:04.348734,192.168.68.57,UserAgent-9695,200,9721
2023-11-07 17:21:42.348734,192.168.106.71,UserAgent-2059,500,1738
2023-06-03 05:33:43.348734,192.168.252.191,UserAgent-3479,404,3243
2023-10-06 09:20:54.348734,192.168.180.222,UserAgent-5996,500,6215
2023-11-12 13:52:46.348734,192.168.43.154,UserAgent-8672,200,5274
2023-08-16 08:45:01.348734,192.168.141.43,UserAgent-7966,500,5127
2024-02-19 18:04:50.348734,192.168.114.43,UserAgent-7177,404,7866
2023-08-15 15:14:36.348734,192.168.183.246,UserAgent-6515,500,4746
2023-08-27 03:23:11.348734,192.168.121.75,UserAgent-3938,404,8191
2023-08-14 12:00:39.348734,192.168.188.201,UserAgent-2447,404,8754
2023-09-14 04:37:12.348734,192.168.57.41,UserAgent-5082,200,777
2023-06-16 18:21:38.348734,192.168.156.75,UserAgent-7903,404,2814
2023-06-06 05:27:54.348734,192.168.195.83,UserAgent-5491,404,2144
2023-09-29 17:43:47.348734,192.168.225.30,UserAgent-3473,500,8601
2023-05-12 10:56:32.348734,192.168.209.240,UserAgent-5293,200,1857
2023-06-17 08:20:33.348734,192.168.96.179,UserAgent-9705,500,6322
2023-03-24 23:14:55.348734,192.168.143.76,UserAgent-4790,200,848
2024-01-08 13:02:51.348734,192.168.120.44,UserAgent-4186,404,9119
2023-04-27 15:34:19.348734,192.168.184.159,UserAgent-4168,404,4645
2023-04-27 11:22:52.348734,192.168.111.251,UserAgent-8688,500,8415
2023-11-29 10:09:00.348734,192.168.103.214,UserAgent-6225,404,2332
2023-05-30 20:51:12.348734,192.168.21.144,UserAgent-2840,200,9350
2023-11-17 09:32:40.348734,192.168.221.91,UserAgent-9252,500,3273
2023-12-14 01:49:54.348734,192.168.148.181,UserAgent-9940,200,765
2023-12-30 04:46:22.348734,192.168.250.255,UserAgent-5246,404,6629
2023-04-24 22:18:59.348734,192.168.62.114,UserAgent-5874,200,8609
2023-11-23 04:41:16.348734,192.168.135.85,UserAgent-2480,500,2121
2023-10-09 00:59:12.348734,192.168.197.53,UserAgent-3862,404,1733
2023-09-25 19:16:28.348734,192.168.24.119,UserAgent-7757,404,216
2023-03-10 08:42:37.348734,192.168.76.32,UserAgent-8420,500,7002
2023-09-25 18:30:08.348734,192.168.231.145,UserAgent-1721,200,224
2023-06-28 08:32:48.348734,192.168.113.138,UserAgent-4167,200,3819
2023-06-06 17:19:56.348734,192.168.168.157,UserAgent-7189,200,3505
2023-07-29 14:11:49.348734,192.168.66.13,UserAgent-3155,404,1069
2023-12-19 11:01:23.348734,192.168.46.140,UserAgent-9631,500,6897
2023-08-30 19:33:46.348734,192.168.166.109,UserAgent-7937,500,4474
2023-12-11 16:19:00.348734,192.168.20.33,UserAgent-8855,500,3135
2023-10-02 17:45:18.348734,192.168.19.157,UserAgent-5790,500,5445
2023-08-11 14:03:44.348734,192.168.172.150,UserAgent-5311,200,790
2023-03-03 11:34:22.348734,192.168.66.147,UserAgent-9172,404,684
2023-07-19 05:12:32.348734,192.168.225.192,UserAgent-8915,404,3656
2023-06-29 10:11:03.348734,192.168.60.113,UserAgent-8182,500,5565
2023-11-27 06:26:20.348734,192.168.90.37,UserAgent-6399,200,6272
2023-08-28 13:56:15.348734,192.168.242.168,UserAgent-9053,200,8634
2023-09-17 13:34:29.348734,192.168.34.111,UserAgent-9576,200,8686
2024-01-31 04:29:57.348734,192.168.0.252,UserAgent-2985,404,3924
2023-04-05 10:11:34.348734,192.168.67.96,UserAgent-8657,404,6679
2023-10-23 00:07:59.348734,192.168.89.102,UserAgent-1720,200,1256
2024-01-08 08:58:39.348734,192.168.108.144,UserAgent-3055,404,5464
2023-06-07 06:54:25.348734,192.168.15.140,UserAgent-4629,404,5729
2023-12-07 23:11:53.348734,192.168.61.27,UserAgent-1629,200,2231
2024-02-02 09:31:02.348734,192.168.33.11,UserAgent-2966,404,9438
2023-05-30 06:09:46.348734,192.168.234.246,UserAgent-1057,200,8089
2023-05-19 05:03:50.348734,192.168.180.64,UserAgent-9177,404,3269
2023-07-29 07:21:48.348734,192.168.158.126,UserAgent-5485,200,4227
2023-05-19 12:36:46.348734,192.168.35.93,UserAgent-9589,404,8764
2023-05-05 22:05:36.348734,192.168.113.193,UserAgent-6827,200,2628
2023-07-10 22:12:18.348734,192.168.237.144,UserAgent-1664,500,1340
2023-03-26 12:29:54.348734,192.168.181.127,UserAgent-9778,200,9704
2023-12-08 10:38:42.348734,192.168.84.110,UserAgent-9092,404,8341
2023-06-13 20:20:49.348734,192.168.105.167,UserAgent-1831,404,1272
2024-01-23 09:07:26.348734,192.168.51.107,UserAgent-9042,404,6761
2023-10-15 00:17:25.348734,192.168.148.179,UserAgent-2804,404,159
2023-10-11 15:31:57.348734,192.168.255.181,UserAgent-8681,404,8886
2023-09-06 05:18:15.348734,192.168.210.209,UserAgent-2122,404,910
2023-08-19 20:39:56.348734,192.168.220.85,UserAgent-8480,404,4065
2023-11-08 01:19:16.348734,192.168.195.90,UserAgent-2783,200,9461
2023-07-22 06:48:40.348734,192.168.196.146,UserAgent-2829,200,9191
2024-01-01 09:29:28.348734,192.168.52.94,UserAgent-5722,404,3907
2023-12-21 03:16:59.348734,192.168.37.30,UserAgent-1857,200,3230
2023-08-11 12:03:25.348734,192.168.4.36,UserAgent-6740,200,9422
2023-07-10 08:46:15.348734,192.168.58.84,UserAgent-7072,500,3151
2024-01-02 10:33:34.348734,192.168.128.31,UserAgent-2091,404,3911
2023-02-26 06:16:57.348734,192.168.161.72,UserAgent-4130,500,6681
2023-05-30 15:34:09.348734,192.168.101.107,UserAgent-6563,404,6244
2024-02-03 02:48:07.348734,192.168.190.148,UserAgent-5906,500,6381
2023-04-02 19:17:18.348734,192.168.179.242,UserAgent-5546,200,5771
2023-05-17 15:22:00.348734,192.168.160.124,UserAgent-6514,200,8597
2023-03-01 16:24:33.348734,192.168.171.228,UserAgent-2023,500,388
2023-10-27 15:20:08.348734,192.168.186.119,UserAgent-2437,404,9328
2023-10-18 01:01:50.348734,192.168.215.27,UserAgent-7643,404,7836
2023-04-23 02:26:50.348734,192.168.122.194,UserAgent-7329,500,5763
2023-11-29 23:28:02.348734,192.168.190.41,UserAgent-5130,200,5977
2023-06-24 21:58:33.348734,192.168.252.47,UserAgent-5160,200,4252
2023-06-29 07:20:12.348734,192.168.200.252,UserAgent-3175,404,706
2023-12-05 00:15:34.348734,192.168.228.117,UserAgent-7765,404,7977
2023-05-31 13:04:41.348734,192.168.179.87,UserAgent-3723,500,4864
2023-11-30 15:06:14.348734,192.168.218.203,UserAgent-2877,200,9248
2023-09-11 12:32:31.348734,192.168.89.21,UserAgent-6168,404,724
2023-05-25 06:45:22.348734,192.168.141.134,UserAgent-8363,500,255
2023-03-20 05:39:33.348734,192.168.15.99,UserAgent-3411,200,977
2023-10-27 23:34:08.348734,192.168.217.28,UserAgent-5271,500,3151
2023-04-10 09:02:35.348734,192.168.92.121,UserAgent-3841,200,113
2023-04-03 10:20:24.348734,192.168.228.215,UserAgent-8218,200,292
2023-12-15 06:54:43.348734,192.168.44.134,UserAgent-6719,404,3058
2023-05-17 01:36:44.348734,192.168.207.103,UserAgent-7202,404,6951
2023-08-18 07:33:30.348734,192.168.35.168,UserAgent-8471,200,6247
2024-01-23 05:39:22.348734,192.168.130.172,UserAgent-4779,500,6914
2023-11-29 06:35:42.348734,192.168.131.150,UserAgent-6972,404,6178
2023-11-04 10:17:16.348734,192.168.56.43,UserAgent-8019,200,2028
2023-09-05 09:08:50.348734,192.168.88.102,UserAgent-7680,200,1778
2023-06-19 16:55:35.348734,192.168.73.154,UserAgent-3531,200,9573
2023-08-16 12:32:09.348734,192.168.1.238,UserAgent-7781,404,1283
2023-03-22 21:42:33.348734,192.168.70.108,UserAgent-5899,200,8665
2023-04-26 10:46:18.348734,192.168.83.215,UserAgent-7317,404,4153
2024-02-11 22:07:51.348734,192.168.124.186,UserAgent-8956,500,5901
2024-01-08 21:01:29.348734,192.168.93.110,UserAgent-9351,404,7654
2023-09-07 17:14:20.348734,192.168.62.208,UserAgent-2289,200,9856
2023-08-09 18:15:53.348734,192.168.235.204,UserAgent-6454,200,4730
2023-03-11 16:57:19.348734,192.168.10.94,UserAgent-6361,500,9129
2024-02-09 12:21:19.348734,192.168.67.76,UserAgent-5787,500,313
2023-07-09 05:19:29.348734,192.168.99.13,UserAgent-9057,200,6440
2024-02-22 14:46:49.348734,192.168.16.213,UserAgent-4356,500,7812
2023-07-02 03:39:25.348734,192.168.142.105,UserAgent-7515,500,3746
2023-08-18 01:57:50.348734,192.168.219.173,UserAgent-7630,200,7115
2023-07-22 06:29:35.348734,192.168.23.31,UserAgent-8974,404,1605
2023-07-11 18:38:55.348734,192.168.61.206,UserAgent-1155,200,4186
2023-06-18 19:18:28.348734,192.168.222.109,UserAgent-8651,500,3657
2023-12-16 05:49:45.348734,192.168.143.167,UserAgent-2736,404,2006
2023-07-26 09:00:51.348734,192.168.175.75,UserAgent-9839,200,2327
2023-07-20 22:22:57.348734,192.168.168.95,UserAgent-6916,200,8046
2023-07-12 04:37:00.348734,192.168.219.202,UserAgent-4333,500,8344
2023-06-22 06:37:13.348734,192.168.207.43,UserAgent-4014,500,9827
2023-03-20 22:52:46.348734,192.168.96.198,UserAgent-4287,404,9010
2023-08-15 08:48:54.348734,192.168.74.217,UserAgent-5971,200,7333
2023-07-21 04:07:06.348734,192.168.112.24,UserAgent-1367,200,2056
2023-08-01 09:32:16.348734,192.168.90.215,UserAgent-8557,404,1855
2023-09-22 06:26:22.348734,192.168.221.70,UserAgent-4876,200,6069
2023-08-11 14:32:11.348734,192.168.156.113,UserAgent-8415,404,7222
2023-09-18 02:28:27.348734,192.168.203.63,UserAgent-7789,200,8204
2023-07-13 01:32:51.348734,192.168.84.254,UserAgent-4129,500,3812
2023-05-23 00:30:02.348734,192.168.98.133,UserAgent-7313,500,9073
2023-08-07 00:57:14.348734,192.168.208.2,UserAgent-2297,200,4532
2023-05-25 00:53:30.348734,192.168.198.246,UserAgent-6831,500,4878
2023-03-12 01:20:52.348734,192.168.249.147,UserAgent-8233,404,9528
2023-03-24 15:03:20.348734,192.168.241.85,UserAgent-8792,404,4003
2023-11-22 15:22:53.348734,192.168.187.144,UserAgent-7277,200,9210
2023-03-06 12:05:38.348734,192.168.73.107,UserAgent-2353,200,8335
2023-07-24 04:33:32.348734,192.168.74.3,UserAgent-9262,200,7714
2024-02-17 16:14:54.348734,192.168.164.78,UserAgent-3571,200,9741
2023-04-14 06:47:19.348734,192.168.134.235,UserAgent-8520,404,9496
2023-11-27 03:42:41.348734,192.168.7.74,UserAgent-8153,404,8112
2023-08-14 16:41:52.348734,192.168.33.44,UserAgent-6442,404,2442
2023-10-15 01:51:38.348734,192.168.135.89,UserAgent-2035,404,7357
2023-10-09 23:57:44.348734,192.168.131.99,UserAgent-7214,200,7546
2023-12-07 00:40:53.348734,192.168.24.241,UserAgent-2521,200,9772
2023-11-05 10:52:35.348734,192.168.71.60,UserAgent-6492,500,5464
2023-08-22 21:50:41.348734,192.168.144.20,UserAgent-5276,200,9376
2023-08-07 20:05:06.348734,192.168.187.163,UserAgent-6868,404,747
2024-02-07 14:25:52.348734,192.168.13.246,UserAgent-7687,200,234
2023-05-24 18:59:25.348734,192.168.0.226,UserAgent-3562,200,9857
2023-04-06 03:19:28.348734,192.168.126.90,UserAgent-1168,500,8875
2023-11-09 00:59:42.348734,192.168.235.212,UserAgent-3027,200,9926
2023-06-21 12:51:46.348734,192.168.227.6,UserAgent-6672,200,8176
2023-10-02 23:51:39.348734,192.168.135.249,UserAgent-1412,200,919
2023-09-18 08:48:31.348734,192.168.43.192,UserAgent-8509,200,1331
2023-11-21 02:09:22.348734,192.168.2.67,UserAgent-5979,404,767
2023-10-05 17:30:07.348734,192.168.30.129,UserAgent-8177,500,8602
2024-02-20 08:29:50.348734,192.168.241.91,UserAgent-8877,200,2020
2023-05-09 18:21:45.348734,192.168.8.36,UserAgent-1989,200,6589
2024-02-04 10:30:43.348734,192.168.135.22,UserAgent-6680,404,1042
2023-07-16 06:33:53.348734,192.168.61.8,UserAgent-3333,200,7722
2023-11-13 04:12:33.348734,192.168.154.4,UserAgent-4396,500,1032
2023-11-20 22:56:10.348734,192.168.216.8,UserAgent-9369,500,8902
2023-03-20 04:54:30.348734,192.168.235.99,UserAgent-4455,404,4665
2023-12-06 02:04:05.348734,192.168.138.208,UserAgent-7168,404,7120
2023-08-03 21:52:09.348734,192.168.234.131,UserAgent-8244,404,6787
2023-08-06 14:51:01.348734,192.168.90.27,UserAgent-8147,200,5316
2023-05-14 02:01:56.348734,192.168.22.60,UserAgent-3859,500,2360
2023-04-20 20:57:58.348734,192.168.190.43,UserAgent-8342,200,5910
2023-11-21 02:37:29.348734,192.168.0.243,UserAgent-3947,500,727
2023-03-24 21:30:08.348734,192.168.9.225,UserAgent-2164,200,8123
2023-05-18 14:29:33.348734,192.168.5.87,UserAgent-2940,200,3668
2024-02-12 05:59:06.348734,192.168.54.153,UserAgent-7744,500,495
2023-10-15 10:05:50.348734,192.168.4.242,UserAgent-6447,500,9421
2023-03-07 22:56:01.348734,192.168.65.25,UserAgent-2470,200,8683
2023-11-08 21:26:36.348734,192.168.241.113,UserAgent-2292,500,8658
2023-05-26 12:28:05.348734,192.168.227.170,UserAgent-8142,404,7748
2023-05-20 16:01:01.348734,192.168.253.17,UserAgent-7875,200,1829
2023-08-04 16:50:19.348734,192.168.205.183,UserAgent-4123,500,4652
2023-10-06 17:54:14.348734,192.168.16.247,UserAgent-8024,500,1276
2023-11-12 02:11:16.348734,192.168.203.11,UserAgent-6264,404,653
2023-06-14 12:31:06.348734,192.168.40.114,UserAgent-2354,500,9232
2023-04-06 06:26:36.348734,192.168.82.112,UserAgent-3668,500,253
2023-09-10 07:47:21.348734,192.168.123.110,UserAgent-9133,200,8933
2023-12-08 11:31:03.348734,192.168.155.64,UserAgent-1596,200,2650
2023-04-11 23:02:00.348734,192.168.51.147,UserAgent-3097,200,9787
2023-09-26 17:12:59.348734,192.168.236.11,UserAgent-7989,500,8947
2023-09-22 09:03:12.348734,192.168.231.241,UserAgent-9936,404,2694
2024-01-15 11:44:21.348734,192.168.237.162,UserAgent-3752,200,9374
2023-12-16 17:51:47.348734,192.168.240.250,UserAgent-6621,404,1990
2023-06-06 18:26:59.348734,192.168.5.98,UserAgent-8410,404,3171
2023-04-09 08:13:46.348734,192.168.166.70,UserAgent-1305,404,3968
2023-06-04 06:39:24.348734,192.168.100.40,UserAgent-2074,404,2325
2023-06-20 14:19:37.348734,192.168.172.115,UserAgent-6258,200,5259
2023-04-11 22:20:46.348734,192.168.239.1,UserAgent-7667,200,6049
2023-03-16 01:09:43.348734,192.168.156.227,UserAgent-7697,404,6065
2023-04-21 10:24:39.348734,192.168.54.84,UserAgent-6363,500,6775
2023-05-20 11:26:55.348734,192.168.73.200,UserAgent-9683,500,2947
2023-05-22 07:35:36.348734,192.168.248.210,UserAgent-5664,404,3813
2023-05-07 22:21:05.348734,192.168.181.212,UserAgent-1806,404,5397
2023-04-28 18:37:14.348734,192.168.80.73,UserAgent-1901,404,1085
2023-05-31 03:26:43.348734,192.168.66.47,UserAgent-4676,500,3128
2023-12-02 18:28:55.348734,192.168.12.172,UserAgent-1957,200,6719
2023-05-29 18:15:02.348734,192.168.149.39,UserAgent-4203,500,1749
2023-04-12 22:56:01.348734,192.168.63.27,UserAgent-1901,200,2908
2024-01-09 10:50:56.348734,192.168.181.184,UserAgent-2520,404,6196
2023-12-26 13:24:12.348734,192.168.223.174,UserAgent-8391,200,7202
2024-01-30 07:35:22.348734,192.168.233.191,UserAgent-2475,500,953
2023-05-17 22:09:50.348734,192.168.62.146,UserAgent-9801,404,6214
2023-05-31 19:36:38.348734,192.168.219.242,UserAgent-7210,200,7144
2024-02-03 00:35:25.348734,192.168.99.115,UserAgent-8775,500,9700
2023-05-01 16:12:35.348734,192.168.220.104,UserAgent-7047,500,8400
2023-10-14 04:57:07.348734,192.168.25.169,UserAgent-4230,404,6234
2023-03-07 23:39:09.348734,192.168.82.88,UserAgent-1120,404,3685
2023-11-18 22:43:42.348734,192.168.209.149,UserAgent-5973,200,292
2023-10-11 07:56:54.348734,192.168.26.37,UserAgent-8887,500,2196
2023-05-12 14:41:52.348734,192.168.242.204,UserAgent-5683,200,8456
2023-09-30 16:00:39.348734,192.168.234.172,UserAgent-7193,200,4728
2023-03-07 19:55:44.348734,192.168.44.129,UserAgent-6080,404,7748
2023-05-02 05:00:18.348734,192.168.185.98,UserAgent-5406,500,878
2023-02-25 23:05:24.348734,192.168.167.73,UserAgent-3617,500,6972
2023-07-10 03:58:18.348734,192.168.37.254,UserAgent-3954,200,8996
2023-06-25 01:44:05.348734,192.168.45.253,UserAgent-7722,500,6256
2023-10-22 01:57:10.348734,192.168.97.196,UserAgent-5349,500,5940
2023-08-19 22:40:38.348734,192.168.236.136,UserAgent-5226,500,9382
2023-07-03 12:01:31.348734,192.168.16.173,UserAgent-2217,200,3505
2023-11-29 22:06:53.348734,192.168.203.213,UserAgent-1078,404,9609
2023-09-29 03:32:51.348734,192.168.203.45,UserAgent-6903,404,1169
2023-12-26 22:35:37.348734,192.168.114.67,UserAgent-8238,404,8311
2024-02-11 17:01:06.348734,192.168.42.235,UserAgent-7741,200,8881
2023-12-02 09:41:09.348734,192.168.104.245,UserAgent-7991,200,3970
2023-11-25 07:26:23.348734,192.168.242.130,UserAgent-9008,404,6765
2023-05-31 22:23:52.348734,192.168.217.66,UserAgent-5882,200,6808
2023-03-24 10:16:47.348734,192.168.67.21,UserAgent-8832,500,9763
2024-01-18 08:12:57.348734,192.168.251.218,UserAgent-1617,404,6554
2023-04-09 09:47:08.348734,192.168.214.252,UserAgent-2934,404,7431
2023-04-29 10:18:47.348734,192.168.58.226,UserAgent-4502,200,5798
2024-01-02 10:36:15.348734,192.168.250.164,UserAgent-8588,500,8504
2023-12-12 13:06:34.348734,192.168.81.178,UserAgent-9577,404,3556
2023-12-03 18:37:28.348734,192.168.147.217,UserAgent-8704,404,3413
2023-10-03 17:28:51.348734,192.168.79.111,UserAgent-4441,200,5775
2023-07-29 15:09:35.348734,192.168.97.106,UserAgent-9469,200,6977
2023-03-22 06:36:23.348734,192.168.102.221,UserAgent-3099,404,6430
2024-02-02 05:41:31.348734,192.168.31.42,UserAgent-1390,200,4736
2023-04-04 14:42:25.348734,192.168.109.254,UserAgent-5650,500,6394
2023-09-18 18:15:34.348734,192.168.122.110,UserAgent-4511,200,4983
2024-01-18 21:39:51.348734,192.168.81.11,UserAgent-8694,404,5507
2023-03-22 05:10:23.348734,192.168.145.153,UserAgent-8894,404,1168
2023-05-06 02:51:37.348734,192.168.87.13,UserAgent-4143,500,888
2023-10-28 17:08:18.348734,192.168.111.50,UserAgent-9861,500,7950
2023-03-21 23:29:52.348734,192.168.155.149,UserAgent-8216,500,6613
2023-07-30 18:59:40.348734,192.168.242.162,UserAgent-1045,200,4436
2023-05-24 04:24:27.348734,192.168.53.159,UserAgent-5069,500,1523
2023-07-01 17:54:13.348734,192.168.97.83,UserAgent-5305,200,6477
2023-06-07 03:07:04.348734,192.168.66.25,UserAgent-6612,200,7411
2023-05-17 18:40:12.348734,192.168.156.217,UserAgent-7572,404,5388
2024-02-19 20:45:26.348734,192.168.109.78,UserAgent-8086,200,9826
2023-05-07 21:44:23.348734,192.168.125.174,UserAgent-4256,404,8115
2023-12-18 11:07:01.348734,192.168.88.154,UserAgent-2590,200,2906
2023-11-27 22:20:09.348734,192.168.75.58,UserAgent-7165,200,2837
2023-03-15 09:52:27.348734,192.168.96.45,UserAgent-6001,404,1539
2023-10-04 03:51:39.348734,192.168.156.42,UserAgent-4224,500,2705
2023-06-30 14:52:46.348734,192.168.239.212,UserAgent-8476,200,3020
2023-03-13 17:38:38.348734,192.168.176.193,UserAgent-3437,200,4649
2023-07-24 10:18:06.348734,192.168.211.209,UserAgent-3503,200,4645
2023-09-25 17:15:42.348734,192.168.244.88,UserAgent-4098,404,693
2024-01-19 11:34:06.348734,192.168.240.226,UserAgent-7544,500,9054
2023-12-07 23:54:06.348734,192.168.65.198,UserAgent-2327,500,8876
2023-10-18 04:55:06.348734,192.168.114.141,UserAgent-2135,500,9606
2023-03-29 06:38:36.348734,192.168.173.223,UserAgent-9323,200,5218
2023-06-24 03:58:40.348734,192.168.158.238,UserAgent-2988,404,6438
2023-09-05 22:01:48.348734,192.168.255.219,UserAgent-8538,404,2863
2024-02-05 14:29:09.348734,192.168.166.229,UserAgent-1234,404,2069
2023-10-05 03:14:16.348734,192.168.150.123,UserAgent-9841,404,2699
2024-01-09 17:04:56.348734,192.168.122.250,UserAgent-1217,200,7333
2024-02-01 17:55:51.348734,192.168.57.177,UserAgent-2041,500,9361
2024-01-07 01:40:15.348734,192.168.189.48,UserAgent-9508,404,1383
2023-10-12 16:52:25.348734,192.168.75.231,UserAgent-6381,500,3948
2023-09-28 21:48:57.348734,192.168.235.238,UserAgent-2793,404,8290
2023-04-27 13:44:16.348734,192.168.77.191,UserAgent-2868,500,2175
2023-04-14 07:57:04.348734,192.168.61.243,UserAgent-5744,500,1926
2023-02-24 11:58:00.348734,192.168.231.10,UserAgent-7661,200,8160
2023-05-22 01:31:31.348734,192.168.84.103,UserAgent-5837,404,7692
2023-11-11 16:19:35.348734,192.168.195.4,UserAgent-2984,500,1583
2024-01-30 07:58:46.348734,192.168.22.223,UserAgent-4044,404,1679
2023-03-10 03:45:45.348734,192.168.206.2,UserAgent-4283,200,441
2023-12-05 08:08:33.348734,192.168.45.231,UserAgent-4156,404,1785
2023-03-30 12:53:55.348734,192.168.182.251,UserAgent-4526,200,3174
2023-12-08 16:23:47.348734,192.168.226.111,UserAgent-4606,404,868
2023-06-24 03:09:45.348734,192.168.235.56,UserAgent-3032,404,296
2023-11-11 02:40:17.348734,192.168.73.59,UserAgent-9799,200,2262
2023-05-10 17:23:55.348734,192.168.150.159,UserAgent-1050,200,7590
2023-06-29 23:22:08.348734,192.168.76.81,UserAgent-2139,404,7092
2024-02-07 18:02:15.348734,192.168.11.192,UserAgent-5630,200,9991
2023-08-04 19:39:21.348734,192.168.210.56,UserAgent-3146,200,6984
2023-10-07 07:44:52.348734,192.168.48.114,UserAgent-7328,200,6407
2023-02-25 17:02:43.348734,192.168.13.73,UserAgent-3192,200,8347
2023-05-28 20:05:47.348734,192.168.234.228,UserAgent-6700,404,8456
2024-01-25 10:09:12.348734,192.168.63.48,UserAgent-9602,200,5925
2023-03-15 10:53:41.348734,192.168.40.105,UserAgent-2275,200,3939
2023-08-26 11:54:35.348734,192.168.122.236,UserAgent-1088,500,9999
2024-02-06 09:51:48.348734,192.168.212.22,UserAgent-6523,500,3431
2023-11-22 18:54:26.348734,192.168.24.153,UserAgent-5223,200,4172
2023-03-06 01:44:05.348734,192.168.38.78,UserAgent-1697,404,8944
2023-06-07 20:06:21.348734,192.168.22.202,UserAgent-6340,404,450
2023-05-05 16:56:15.348734,192.168.182.139,UserAgent-9849,500,5250
2023-04-11 08:59:08.348734,192.168.102.239,UserAgent-4282,200,7724
2023-05-29 19:36:15.348734,192.168.247.135,UserAgent-7408,404,5840
2024-01-05 17:03:12.348734,192.168.195.255,UserAgent-5635,200,7618
2023-12-01 17:19:42.348734,192.168.152.93,UserAgent-7395,404,1849
2023-06-03 20:11:47.348734,192.168.208.95,UserAgent-2874,200,3060
2024-01-23 05:01:01.348734,192.168.57.4,UserAgent-5290,500,672
2023-12-21 17:32:41.348734,192.168.59.4,UserAgent-2231,200,4544
2023-06-06 05:08:42.348734,192.168.215.32,UserAgent-8318,200,5596
2023-08-16 06:32:19.348734,192.168.235.102,UserAgent-3752,404,8895
2023-09-24 09:48:37.348734,192.168.108.234,UserAgent-1408,500,5894
2024-02-03 03:09:30.348734,192.168.16.190,UserAgent-6374,200,2232
2023-05-31 04:38:06.348734,192.168.119.23,UserAgent-8322,404,4338
2023-06-28 23:25:45.348734,192.168.73.224,UserAgent-6854,500,4705
2024-01-23 13:35:56.348734,192.168.196.28,UserAgent-9955,404,6890
2023-03-15 19:57:37.348734,192.168.31.234,UserAgent-5653,500,9116
2023-10-25 14:28:52.348734,192.168.244.173,UserAgent-6892,500,9649
2024-01-15 02:17:09.348734,192.168.73.140,UserAgent-7190,200,6090
2023-11-22 12:27:30.348734,192.168.234.141,UserAgent-9924,404,9891
2023-08-12 20:50:17.348734,192.168.1.156,UserAgent-3351,500,8448
2023-11-19 22:52:05.348734,192.168.145.136,UserAgent-1101,500,9097
2023-10-12 07:15:57.348734,192.168.166.31,UserAgent-2554,200,8648
2023-05-24 22:13:22.348734,192.168.161.235,UserAgent-3123,404,1875
2023-08-15 11:52:15.348734,192.168.71.96,UserAgent-9922,404,7071
2023-06-29 04:10:23.348734,192.168.200.209,UserAgent-9541,500,6902
2024-02-15 04:45:23.348734,192.168.217.51,UserAgent-9087,404,1791
2023-05-15 11:57:32.348734,192.168.251.220,UserAgent-4880,500,360
2023-09-10 10:21:42.348734,192.168.226.156,UserAgent-1076,404,1093
2024-01-21 19:20:53.348734,192.168.135.155,UserAgent-5541,404,8896
2023-12-20 13:29:31.348734,192.168.123.255,UserAgent-3359,200,8470
2023-03-16 00:05:51.348734,192.168.101.143,UserAgent-7267,500,6161
2023-06-17 15:04:12.348734,192.168.226.138,UserAgent-1101,500,2991
2023-08-29 08:21:44.348734,192.168.7.174,UserAgent-9169,404,8782
2023-11-01 19:25:36.348734,192.168.143.84,UserAgent-7933,404,5591
2023-04-28 02:25:32.348734,192.168.6.135,UserAgent-8241,404,7783
2023-12-27 05:36:37.348734,192.168.49.107,UserAgent-6767,404,5288
2024-01-17 07:16:20.348734,192.168.60.242,UserAgent-6900,500,1660
2023-04-04 03:47:09.348734,192.168.231.222,UserAgent-9025,500,697
2023-05-11 07:21:27.348734,192.168.198.193,UserAgent-5135,500,6011
2024-01-24 12:40:25.348734,192.168.122.68,UserAgent-6304,500,3158
2023-03-31 20:18:26.348734,192.168.52.248,UserAgent-8404,404,1242
2023-11-07 14:05:32.348734,192.168.13.198,UserAgent-8040,200,7885
2023-03-19 02:13:18.348734,192.168.177.220,UserAgent-1020,200,7879
2023-05-17 17:26:47.348734,192.168.75.135,UserAgent-4855,200,2037
2023-10-06 12:46:10.348734,192.168.226.56,UserAgent-7858,500,2763
2023-09-24 14:18:58.348734,192.168.187.29,UserAgent-9422,500,3621
2023-11-11 23:17:59.348734,192.168.103.174,UserAgent-8538,500,4383
2023-07-24 19:59:36.348734,192.168.79.99,UserAgent-3727,500,7940
2024-01-25 15:54:03.348734,192.168.138.171,UserAgent-6564,404,587
2023-12-01 09:14:35.348734,192.168.127.254,UserAgent-1474,500,9218
2024-01-21 18:25:17.348734,192.168.176.216,UserAgent-9170,200,6241
2023-09-04 00:19:21.348734,192.168.102.112,UserAgent-2012,500,7671
2023-11-11 09:23:31.348734,192.168.182.195,UserAgent-4476,200,9629
2023-09-22 14:58:05.348734,192.168.23.7,UserAgent-6099,200,7031
2024-01-06 18:28:59.348734,192.168.34.5,UserAgent-6800,404,2634
2023-07-03 12:55:35.348734,192.168.74.60,UserAgent-7858,200,4800
2023-09-10 03:33:49.348734,192.168.158.234,UserAgent-8236,404,9294
2024-01-27 13:16:12.348734,192.168.40.90,UserAgent-9089,500,5949
2023-10-19 13:05:17.348734,192.168.252.13,UserAgent-1104,404,1836
2023-12-08 11:16:06.348734,192.168.171.48,UserAgent-7042,500,390
2024-02-18 07:21:11.348734,192.168.77.127,UserAgent-9114,500,8473
2023-12-09 21:38:08.348734,192.168.142.156,UserAgent-2164,500,2419
2023-09-12 16:40:22.348734,192.168.183.104,UserAgent-9349,500,5220
2023-10-19 21:08:45.348734,192.168.213.90,UserAgent-5542,500,3474
2024-02-03 17:55:08.348734,192.168.236.221,UserAgent-1073,404,5755
2024-02-12 09:49:40.348734,192.168.248.160,UserAgent-3034,404,6452
2023-08-17 21:25:40.348734,192.168.105.252,UserAgent-2015,500,3953
2023-07-21 22:10:00.348734,192.168.76.185,UserAgent-3593,500,5432
2023-04-23 16:30:53.348734,192.168.131.224,UserAgent-9809,200,7582
2023-05-23 16:13:53.348734,192.168.16.2,UserAgent-6127,500,8856
2023-03-11 17:13:05.348734,192.168.180.191,UserAgent-3278,404,412
2023-06-04 20:32:23.348734,192.168.134.52,UserAgent-1955,500,7289
2023-08-05 20:14:36.348734,192.168.51.7,UserAgent-8508,404,2495
2023-04-23 05:24:05.348734,192.168.76.150,UserAgent-8630,500,302
2023-12-17 04:15:37.348734,192.168.126.212,UserAgent-5940,404,1452
2023-06-06 12:22:32.348734,192.168.244.196,UserAgent-8683,500,527
2023-05-16 08:46:00.348734,192.168.10.167,UserAgent-8417,200,5796
2023-07-17 17:16:56.348734,192.168.125.223,UserAgent-4646,500,910
2023-06-06 04:14:00.348734,192.168.149.145,UserAgent-3327,404,8156
2023-05-01 01:57:35.348734,192.168.179.244,UserAgent-4368,404,3819
2023-12-19 12:47:59.348734,192.168.11.126,UserAgent-9048,404,1864
2023-09-07 07:15:55.348734,192.168.194.151,UserAgent-8082,500,2063
2023-09-13 07:14:32.348734,192.168.251.235,UserAgent-2446,500,2110
2024-01-09 18:27:11.348734,192.168.240.152,UserAgent-6654,404,2220
2024-02-25 05:34:28.348734,192.168.40.160,UserAgent-9938,404,6707
2024-01-11 23:31:48.348734,192.168.108.84,UserAgent-5867,200,6751
2024-01-02 04:56:45.348734,192.168.30.129,UserAgent-1743,200,5611
2023-05-05 02:19:02.348734,192.168.31.160,UserAgent-4456,404,5215
2023-03-07 08:05:05.348734,192.168.151.117,UserAgent-9691,500,9324
2024-01-13 16:46:14.348734,192.168.240.1,UserAgent-3938,200,3170
2023-11-18 14:36:37.348734,192.168.154.105,UserAgent-2645,200,599
2023-09-06 20:06:52.348734,192.168.153.175,UserAgent-2323,200,5296
2023-08-01 17:12:48.348734,192.168.195.124,UserAgent-3602,500,7483
2023-08-03 20:39:48.348734,192.168.103.146,UserAgent-6561,404,7979
2023-09-26 00:34:58.348734,192.168.216.47,UserAgent-4870,500,8812
2023-04-02 00:16:42.348734,192.168.221.17,UserAgent-2458,500,6188
2023-11-26 16:54:11.348734,192.168.18.212,UserAgent-2613,404,6400
2023-03-24 03:45:01.348734,192.168.169.132,UserAgent-4839,500,7011
2023-05-20 22:38:18.348734,192.168.1.157,UserAgent-5884,200,4964
2023-04-16 22:13:33.348734,192.168.250.102,UserAgent-3481,404,2364
2023-07-21 18:49:08.348734,192.168.37.22,UserAgent-1976,200,6919
2023-10-13 00:30:15.348734,192.168.126.225,UserAgent-6926,404,9073
2023-10-31 13:16:28.348734,192.168.245.244,UserAgent-6174,200,4971
2023-03-07 10:20:34.348734,192.168.121.140,UserAgent-9867,404,8009
2023-12-07 12:56:26.348734,192.168.29.72,UserAgent-8540,404,4952
2023-11-04 03:46:47.348734,192.168.223.254,UserAgent-4933,404,4875
2023-11-08 21:29:34.348734,192.168.124.5,UserAgent-4698,404,9993
2023-06-16 18:45:29.348734,192.168.98.247,UserAgent-6319,200,2582
2023-06-16 23:43:07.348734,192.168.182.238,UserAgent-2090,200,8452
2023-11-16 10:12:19.348734,192.168.52.185,UserAgent-4533,404,682
2023-08-14 09:36:50.348734,192.168.121.155,UserAgent-9909,200,9682
2023-05-06 01:04:56.348734,192.168.153.59,UserAgent-4570,200,1158
2023-03-09 01:05:45.348734,192.168.121.31,UserAgent-1929,404,2298
2024-02-03 17:40:21.348734,192.168.47.55,UserAgent-1983,404,595
2024-01-31 14:44:34.348734,192.168.63.224,UserAgent-4003,404,7475
2023-03-30 13:51:27.348734,192.168.133.159,UserAgent-8721,200,6025
2023-03-02 11:05:07.348734,192.168.162.18,UserAgent-1205,200,1780
2023-08-19 18:05:39.348734,192.168.77.46,UserAgent-6460,404,8248
2023-09-13 06:41:44.348734,192.168.202.140,UserAgent-6197,404,4284
2023-02-24 13:08:50.348734,192.168.252.251,UserAgent-1445,404,5053
2023-12-21 05:49:45.348734,192.168.100.235,UserAgent-6909,200,9146
2023-08-31 14:12:36.348734,192.168.198.76,UserAgent-8084,200,7498
2023-10-17 09:46:16.348734,192.168.146.27,UserAgent-1502,404,2967
2024-02-23 08:39:14.348734,192.168.150.154,UserAgent-5303,404,5127
2023-04-05 17:48:52.348734,192.168.153.3,UserAgent-8044,404,5535
2023-12-09 05:20:25.348734,192.168.244.222,UserAgent-2799,200,143
2023-10-06 13:26:08.348734,192.168.20.80,UserAgent-3067,404,4761
2023-04-19 02:39:23.348734,192.168.239.31,UserAgent-9741,200,9309
2023-09-22 05:39:32.348734,192.168.173.131,UserAgent-7022,200,3744
2023-08-24 08:24:04.348734,192.168.194.103,UserAgent-2075,200,268
2023-05-09 05:05:32.348734,192.168.174.138,UserAgent-7664,404,3351
2024-01-26 02:05:31.348734,192.168.216.27,UserAgent-7323,500,261
2023-06-19 19:28:42.348734,192.168.202.26,UserAgent-3853,404,7157
2023-10-17 14:19:09.348734,192.168.117.160,UserAgent-4393,200,6054
2023-11-10 01:42:17.348734,192.168.58.230,UserAgent-8824,200,2186
2023-07-05 00:32:25.348734,192.168.200.88,UserAgent-1373,500,3447
2023-06-10 14:20:30.348734,192.168.207.63,UserAgent-4452,500,596
2023-03-03 12:36:28.348734,192.168.13.2,UserAgent-9615,200,5892
2023-11-26 11:12:17.348734,192.168.236.128,UserAgent-8766,500,3930
2024-02-17 14:40:23.348734,192.168.39.179,UserAgent-6968,404,1155
2023-12-12 16:57:44.348734,192.168.47.189,UserAgent-7009,500,3489
2024-02-18 15:06:14.348734,192.168.50.27,UserAgent-3230,404,1035
2023-10-06 23:25:34.348734,192.168.55.17,UserAgent-7037,200,9003
2023-04-13 09:55:22.348734,192.168.68.80,UserAgent-5354,500,9369
2024-01-29 16:19:08.348734,192.168.13.128,UserAgent-4061,500,743
2023-07-16 17:19:00.348734,192.168.18.237,UserAgent-5429,500,3777
2023-06-26 13:07:14.348734,192.168.74.4,UserAgent-7556,404,4133
2023-07-09 04:12:11.348734,192.168.48.248,UserAgent-8732,500,434
2023-08-30 01:32:19.348734,192.168.195.170,UserAgent-6098,200,1507
2023-08-16 04:46:19.348734,192.168.15.186,UserAgent-8972,200,8045
2023-09-21 08:36:01.348734,192.168.63.229,UserAgent-1668,500,477
2023-04-03 09:57:18.348734,192.168.55.171,UserAgent-4845,404,4051
2023-11-04 09:29:18.348734,192.168.163.78,UserAgent-4928,500,7051
2023-08-24 00:02:56.348734,192.168.215.144,UserAgent-5151,404,198
2023-11-04 11:56:27.348734,192.168.82.68,UserAgent-1871,200,9195
2024-02-05 02:45:39.348734,192.168.246.152,UserAgent-5947,200,6018
2023-04-22 22:03:45.348734,192.168.161.68,UserAgent-6372,500,6311
2024-01-24 14:14:15.348734,192.168.211.53,UserAgent-9670,404,5345
2023-11-09 21:11:10.348734,192.168.211.39,UserAgent-1572,404,7158
2023-08-26 23:56:05.348734,192.168.234.90,UserAgent-3710,500,1142
2023-09-18 22:23:43.348734,192.168.86.16,UserAgent-4623,404,8420
2023-12-16 05:06:54.348734,192.168.109.47,UserAgent-7155,404,3118
2023-09-28 02:31:22.364368,192.168.161.70,UserAgent-7155,200,7384
2023-10-23 14:30:23.364368,192.168.22.61,UserAgent-6013,500,350
2023-05-29 09:45:41.364368,192.168.170.63,UserAgent-8805,200,2676
2023-05-14 00:57:01.364368,192.168.237.226,UserAgent-1588,500,8125
2023-06-20 07:24:30.364368,192.168.130.207,UserAgent-6363,200,5116
2023-11-18 19:52:23.364368,192.168.75.217,UserAgent-8156,500,7075
2023-09-08 04:56:30.364368,192.168.232.179,UserAgent-2772,500,6684
2023-08-22 01:01:52.364368,192.168.128.74,UserAgent-8035,200,3070
2023-12-30 11:39:17.364368,192.168.55.163,UserAgent-8286,200,8404
2023-09-16 07:44:16.364368,192.168.8.20,UserAgent-5614,200,9053
2023-09-23 16:46:01.364368,192.168.97.158,UserAgent-1507,500,7191
2023-08-23 00:02:33.364368,192.168.227.28,UserAgent-6439,200,9576
2023-04-11 07:24:47.364368,192.168.75.163,UserAgent-2526,404,5593
2023-04-05 09:21:26.364368,192.168.234.118,UserAgent-6605,500,8399
2023-11-27 09:08:12.364368,192.168.203.227,UserAgent-2723,404,442
2023-03-10 19:46:30.364368,192.168.164.117,UserAgent-4045,200,7818
2023-04-08 18:47:24.364368,192.168.245.109,UserAgent-6123,200,2075
2023-07-08 16:09:29.364368,192.168.233.91,UserAgent-5519,404,3923
2023-11-02 07:02:51.364368,192.168.79.57,UserAgent-8700,500,5405
2024-02-04 05:30:20.364368,192.168.190.62,UserAgent-2138,404,2645
2023-12-06 23:32:54.364368,192.168.29.230,UserAgent-4016,200,8221
2023-07-23 12:16:17.364368,192.168.160.89,UserAgent-1291,404,1448
2023-03-05 00:03:10.364368,192.168.227.9,UserAgent-7497,500,2999
2023-12-18 16:56:53.364368,192.168.81.200,UserAgent-8412,200,1001
2023-09-02 13:04:08.364368,192.168.42.144,UserAgent-1826,404,143
2023-11-10 04:09:15.364368,192.168.119.99,UserAgent-6439,200,7661
2023-03-11 09:08:47.364368,192.168.234.120,UserAgent-5473,200,6564
2023-04-08 02:34:39.364368,192.168.36.161,UserAgent-7391,404,4472
2023-07-28 03:16:11.364368,192.168.102.86,UserAgent-4331,200,1774
2023-06-24 21:13:02.364368,192.168.65.56,UserAgent-8301,500,2841
2023-05-04 17:52:59.364368,192.168.178.147,UserAgent-8463,500,8819
2024-02-01 05:31:42.364368,192.168.87.139,UserAgent-4531,200,3864
2023-11-04 23:56:55.364368,192.168.255.115,UserAgent-4932,404,3001
2023-12-04 00:32:02.364368,192.168.153.149,UserAgent-6223,200,4782
2023-10-20 14:13:20.364368,192.168.20.10,UserAgent-6215,500,8518
2024-01-07 00:25:19.364368,192.168.130.235,UserAgent-6929,200,1332
2023-03-17 08:46:17.364368,192.168.12.79,UserAgent-1189,404,2600
2023-04-03 10:54:09.364368,192.168.19.4,UserAgent-2128,404,6029
2023-08-14 17:19:18.364368,192.168.172.206,UserAgent-1066,200,3356
2023-07-17 23:00:46.364368,192.168.116.62,UserAgent-7050,200,983
2023-04-06 04:08:41.364368,192.168.11.136,UserAgent-3855,500,2765
2023-05-26 23:16:16.364368,192.168.39.52,UserAgent-9146,404,6093
2023-11-01 05:54:55.364368,192.168.135.218,UserAgent-3445,200,2134
2023-07-26 16:06:47.364368,192.168.234.42,UserAgent-9991,500,8613
2023-07-11 19:20:32.364368,192.168.40.24,UserAgent-5538,200,8390
2023-11-09 04:30:11.364368,192.168.36.190,UserAgent-3653,404,1958
2023-05-29 11:02:55.364368,192.168.35.19,UserAgent-7507,200,6417
2023-10-23 15:16:04.364368,192.168.62.127,UserAgent-8771,500,7134
2023-09-26 21:49:33.364368,192.168.129.73,UserAgent-9073,500,2340
2023-09-20 05:00:43.364368,192.168.0.175,UserAgent-1773,404,9282
2023-12-11 18:07:30.364368,192.168.75.25,UserAgent-5089,500,4272
2023-03-10 06:34:08.364368,192.168.107.251,UserAgent-7541,200,4312
2023-05-05 02:07:37.364368,192.168.159.156,UserAgent-6115,404,5183
2024-02-15 02:30:01.364368,192.168.134.132,UserAgent-4817,500,7004
2024-01-13 12:32:24.364368,192.168.118.199,UserAgent-7886,500,6099
2023-04-07 11:19:02.364368,192.168.46.51,UserAgent-5525,500,2681
2024-01-09 16:01:52.364368,192.168.22.152,UserAgent-2189,200,1515
2023-03-19 07:03:40.364368,192.168.77.76,UserAgent-6435,200,3658
2023-09-18 08:18:45.364368,192.168.239.147,UserAgent-6472,200,3387
2023-07-29 00:50:58.364368,192.168.79.252,UserAgent-6129,404,8357
2023-05-09 14:57:39.364368,192.168.83.50,UserAgent-7012,404,8343
2023-05-17 15:10:19.364368,192.168.35.183,UserAgent-8926,200,678
2023-04-17 02:06:36.364368,192.168.77.227,UserAgent-6099,200,4007
2023-11-28 16:53:42.364368,192.168.235.160,UserAgent-1297,200,2436
2023-04-07 23:31:55.364368,192.168.23.237,UserAgent-6193,200,1995
2023-11-17 19:38:35.364368,192.168.216.172,UserAgent-9121,404,4381
2023-10-11 19:40:53.364368,192.168.203.158,UserAgent-1419,500,2050
2023-12-31 22:48:20.364368,192.168.144.41,UserAgent-1778,500,3847
2023-04-27 17:14:35.364368,192.168.74.235,UserAgent-9082,404,5404
2024-02-24 06:37:05.364368,192.168.27.187,UserAgent-9420,500,2473
2023-12-26 11:31:09.364368,192.168.173.88,UserAgent-2897,404,1391
2023-06-28 20:39:33.364368,192.168.196.101,UserAgent-1538,500,748
2023-10-20 17:20:27.364368,192.168.120.42,UserAgent-2071,500,722
2024-01-23 23:13:30.364368,192.168.161.133,UserAgent-6594,200,9876
2023-05-17 05:00:54.364368,192.168.131.223,UserAgent-2058,500,4253
2023-11-30 06:38:15.364368,192.168.53.209,UserAgent-7400,200,7818
2024-01-30 19:49:19.364368,192.168.238.148,UserAgent-3838,404,8144
2023-09-30 09:52:04.364368,192.168.74.175,UserAgent-6806,200,3905
2023-06-19 05:58:11.364368,192.168.47.142,UserAgent-6091,404,5520
2024-01-23 15:29:38.364368,192.168.238.72,UserAgent-9492,200,2903
2023-09-15 17:42:13.364368,192.168.154.215,UserAgent-8998,200,6530
2023-05-15 22:04:39.364368,192.168.130.147,UserAgent-1658,404,5983
2023-04-09 01:53:44.364368,192.168.208.113,UserAgent-7486,200,2112
2023-04-13 11:02:59.364368,192.168.179.70,UserAgent-6421,200,5931
2023-12-23 19:39:16.364368,192.168.99.208,UserAgent-8304,200,2058
2023-08-02 01:17:58.364368,192.168.170.82,UserAgent-7622,200,4433
2023-07-30 03:43:46.364368,192.168.151.91,UserAgent-6556,404,8325
2023-05-08 00:50:12.364368,192.168.26.52,UserAgent-2652,200,1351
2023-11-13 09:41:54.364368,192.168.7.209,UserAgent-9501,404,5615
2023-03-27 05:51:32.364368,192.168.131.128,UserAgent-7887,200,7089
2023-03-28 13:24:49.364368,192.168.211.190,UserAgent-7285,500,3411
2023-10-31 10:13:43.364368,192.168.239.145,UserAgent-3768,200,8689
2024-02-14 09:52:46.364368,192.168.170.77,UserAgent-2771,500,7761
2023-11-23 10:07:06.364368,192.168.207.193,UserAgent-3972,404,9666
2023-09-17 05:30:17.364368,192.168.114.244,UserAgent-2475,500,4560
2023-05-15 06:27:20.364368,192.168.216.189,UserAgent-3763,500,5355
2023-07-10 15:51:13.364368,192.168.143.89,UserAgent-9075,500,7311
2023-03-14 08:05:38.364368,192.168.24.204,UserAgent-8064,200,3564
2023-12-11 19:58:34.364368,192.168.82.248,UserAgent-5276,200,3355
2023-07-22 10:56:30.364368,192.168.43.243,UserAgent-8143,500,6808
2024-01-04 16:58:35.364368,192.168.158.20,UserAgent-3921,404,732
2023-10-13 22:58:49.364368,192.168.249.105,UserAgent-1012,500,7005
2024-02-02 22:06:30.364368,192.168.21.100,UserAgent-9750,500,6286
2023-03-05 08:14:06.364368,192.168.133.61,UserAgent-4307,404,7622
2023-11-07 01:54:42.364368,192.168.160.243,UserAgent-6611,404,3722
2023-07-18 06:46:29.364368,192.168.40.153,UserAgent-3625,200,3131
2023-12-18 12:50:59.364368,192.168.126.21,UserAgent-7792,404,6364
2023-10-13 05:21:04.364368,192.168.22.9,UserAgent-8981,500,9811
2023-09-02 14:02:14.364368,192.168.50.112,UserAgent-8674,500,5611
2024-02-06 19:00:05.364368,192.168.178.239,UserAgent-3656,404,8589
2023-05-05 19:10:29.364368,192.168.7.83,UserAgent-9300,404,2284
2023-05-14 17:21:33.364368,192.168.89.27,UserAgent-5706,404,8650
2023-06-13 08:47:52.364368,192.168.84.184,UserAgent-2441,404,537
2023-05-16 05:17:16.364368,192.168.66.148,UserAgent-8771,404,2830
2023-10-21 12:57:55.364368,192.168.108.245,UserAgent-7096,404,2451
2024-01-28 15:53:24.364368,192.168.51.219,UserAgent-9032,500,7039
2023-12-06 00:21:47.364368,192.168.59.40,UserAgent-9788,200,7553
2023-07-26 16:41:03.364368,192.168.132.111,UserAgent-5853,404,1819
2023-04-07 09:15:49.364368,192.168.124.120,UserAgent-9042,200,7261
2023-03-15 15:18:14.364368,192.168.171.77,UserAgent-5704,500,1584
2023-08-21 22:15:34.364368,192.168.152.14,UserAgent-8115,404,9424
2023-11-10 00:57:24.364368,192.168.160.132,UserAgent-3086,404,8513
2023-10-06 12:14:15.364368,192.168.226.189,UserAgent-4054,500,1942
2023-04-18 01:47:02.364368,192.168.58.88,UserAgent-5631,404,3112
2023-08-22 02:18:50.364368,192.168.43.50,UserAgent-3809,200,4851
2023-04-21 12:07:33.364368,192.168.22.154,UserAgent-1197,200,2645
2023-05-06 23:52:47.364368,192.168.139.246,UserAgent-2277,404,1681
2023-10-31 19:20:58.364368,192.168.184.223,UserAgent-2075,404,7016
2023-06-30 10:43:22.364368,192.168.138.108,UserAgent-4710,404,6972
2023-07-27 10:24:09.364368,192.168.229.52,UserAgent-1867,500,8111
2023-08-20 14:07:22.364368,192.168.46.241,UserAgent-9237,404,2664
2023-05-18 13:31:38.364368,192.168.235.27,UserAgent-4093,500,4341
2023-11-13 09:17:38.364368,192.168.205.231,UserAgent-4521,500,178
2023-12-01 00:57:49.364368,192.168.150.61,UserAgent-9980,404,6903
2023-08-12 02:04:54.364368,192.168.209.19,UserAgent-5632,500,9069
2023-04-19 21:54:37.364368,192.168.174.78,UserAgent-3931,404,7352
2023-06-20 20:30:48.364368,192.168.233.147,UserAgent-3201,200,3424
2023-07-07 12:19:06.364368,192.168.228.86,UserAgent-5359,404,6522
2024-02-12 14:34:38.364368,192.168.19.227,UserAgent-7444,404,2133
2023-08-28 02:08:50.364368,192.168.151.64,UserAgent-4301,200,578
2023-07-16 04:14:23.364368,192.168.179.159,UserAgent-4235,404,7798
2023-05-19 02:00:37.364368,192.168.227.89,UserAgent-5488,200,497
2023-12-26 11:06:39.364368,192.168.40.32,UserAgent-8828,200,6087
2024-02-22 20:42:29.364368,192.168.146.85,UserAgent-3938,200,108
2024-01-23 13:10:44.364368,192.168.113.23,UserAgent-2745,500,2480
2024-02-19 02:37:20.364368,192.168.80.204,UserAgent-1344,404,1760
2023-08-08 00:36:43.364368,192.168.248.146,UserAgent-8919,404,7568
2024-01-29 11:34:24.364368,192.168.166.198,UserAgent-1540,200,5863
2023-06-14 16:38:41.364368,192.168.129.129,UserAgent-5765,200,2638
2023-06-21 12:31:48.364368,192.168.93.160,UserAgent-1136,404,5678
2023-10-31 10:58:45.364368,192.168.188.170,UserAgent-2529,500,3355
2023-08-27 16:56:21.364368,192.168.94.14,UserAgent-8811,404,7751
2023-11-24 07:30:43.364368,192.168.156.135,UserAgent-1404,200,3376
2023-04-29 02:24:33.364368,192.168.78.13,UserAgent-7774,500,3111
2023-12-12 03:09:20.364368,192.168.9.101,UserAgent-8960,200,2705
2023-06-14 15:09:53.364368,192.168.83.217,UserAgent-3367,200,3273
2023-12-16 08:28:31.364368,192.168.134.105,UserAgent-8252,500,2389
2023-07-11 02:04:35.364368,192.168.71.32,UserAgent-6435,200,8306
2023-11-24 21:32:09.364368,192.168.203.162,UserAgent-8217,500,2040
2023-10-09 13:41:57.364368,192.168.130.79,UserAgent-4319,404,2537
2023-12-17 07:20:50.364368,192.168.158.25,UserAgent-6541,404,5397
2023-12-31 15:53:04.364368,192.168.36.164,UserAgent-7232,500,1883
2023-12-05 18:56:24.364368,192.168.22.224,UserAgent-2447,200,6505
2023-11-30 04:55:53.364368,192.168.30.23,UserAgent-1808,404,5659
2023-11-07 19:12:53.364368,192.168.245.239,UserAgent-4124,500,724
2023-02-24 13:26:34.364368,192.168.181.238,UserAgent-2566,404,6379
2023-10-06 21:12:03.364368,192.168.251.34,UserAgent-7936,200,3666
2024-01-02 04:54:36.364368,192.168.175.78,UserAgent-6691,200,5102
2024-01-07 20:52:39.364368,192.168.35.135,UserAgent-4497,404,4346
2023-08-21 11:39:28.364368,192.168.212.88,UserAgent-2608,404,6560
2023-08-18 21:06:13.364368,192.168.122.248,UserAgent-1928,404,2722
2023-07-26 20:04:49.364368,192.168.32.159,UserAgent-7943,200,8030
2023-08-24 01:25:10.364368,192.168.53.5,UserAgent-6679,500,4763
2023-05-17 06:02:27.364368,192.168.154.39,UserAgent-1332,200,8643
2024-01-03 10:07:04.364368,192.168.168.240,UserAgent-5066,200,6444
2023-10-19 18:28:07.364368,192.168.108.185,UserAgent-9438,404,8892
2023-10-14 21:40:59.364368,192.168.148.237,UserAgent-6424,404,7697
2023-06-28 08:19:06.364368,192.168.81.193,UserAgent-8046,200,8939
2023-11-14 11:26:28.364368,192.168.152.138,UserAgent-8273,200,8956
2023-10-27 16:46:53.364368,192.168.213.26,UserAgent-9841,200,2397
2024-02-20 11:53:07.364368,192.168.89.7,UserAgent-9563,200,1055
2023-07-28 00:06:31.364368,192.168.197.43,UserAgent-6226,404,158
2024-01-06 23:56:33.364368,192.168.109.205,UserAgent-8163,200,8692
2023-11-27 01:44:05.364368,192.168.175.51,UserAgent-7295,200,1975
2023-03-07 09:42:42.364368,192.168.72.132,UserAgent-2971,200,6706
2023-08-12 23:32:16.364368,192.168.99.6,UserAgent-1588,500,4333
2023-07-24 11:39:15.364368,192.168.85.145,UserAgent-1830,404,4746
2024-02-01 06:21:37.364368,192.168.39.167,UserAgent-8895,404,1449
2024-01-26 07:31:38.364368,192.168.82.7,UserAgent-4131,404,4531
2023-04-25 22:09:09.364368,192.168.190.82,UserAgent-8999,404,6162
2023-09-08 18:15:00.364368,192.168.199.115,UserAgent-9103,404,9642
2023-12-17 00:50:45.364368,192.168.43.193,UserAgent-1005,200,6055
2023-03-12 15:39:02.364368,192.168.178.17,UserAgent-8916,404,2848
2023-09-30 10:42:24.364368,192.168.88.156,UserAgent-5956,404,689
2023-03-04 12:53:16.364368,192.168.88.211,UserAgent-3009,200,6064
2023-03-21 23:24:38.364368,192.168.253.209,UserAgent-1297,404,2303
2023-09-29 18:29:55.364368,192.168.186.214,UserAgent-2334,500,2227
2024-02-06 12:09:09.364368,192.168.212.215,UserAgent-4358,404,2371
2023-09-25 05:45:10.364368,192.168.5.220,UserAgent-4979,500,1114
2023-09-30 03:50:58.364368,192.168.172.199,UserAgent-1235,404,7766
2024-02-06 18:07:55.364368,192.168.12.207,UserAgent-2123,500,8615
2023-10-07 13:15:42.364368,192.168.9.52,UserAgent-3140,500,9626
2023-06-28 11:43:16.364368,192.168.215.232,UserAgent-3657,404,6656
